{"stats":{"minecraft:custom":{"minecraft:time_since_rest":8363,"minecraft:sprint_one_cm":51878,"minecraft:walk_one_cm":61170,"minecraft:damage_taken":1761,"minecraft:mob_kills":4,"minecraft:drop":3,"minecraft:damage_dealt":824,"minecraft:interact_with_crafting_table":13,"minecraft:fly_one_cm":652816,"minecraft:interact_with_loom":1,"minecraft:crouch_one_cm":1659,"minecraft:play_time":140621,"minecraft:deaths":20,"minecraft:sneak_time":2913,"minecraft:walk_under_water_one_cm":2424,"minecraft:jump":476,"minecraft:leave_game":1,"minecraft:time_since_death":8343,"minecraft:walk_on_water_one_cm":416,"minecraft:total_world_time":140621,"minecraft:climb_one_cm":42,"minecraft:fall_one_cm":12073},"minecraft:killed":{"minecraft:skeleton":2,"minecraft:creeper":2},"minecraft:mined":{"minecraft:sea_lantern":2,"minecraft:torch":2,"minecraft:grass_block":3,"minecraft:dirt":6},"minecraft:picked_up":{"minecraft:torch":1,"minecraft:grass_block":1,"minecraft:gunpowder":1,"minecraft:moss_carpet":1,"minecraft:prismarine_crystals":2,"minecraft:dirt":9,"minecraft:lantern":1,"minecraft:bone":6,"minecraft:arrow":6,"minecraft:wheat_seeds":8,"minecraft:magenta_concrete":1},"minecraft:killed_by":{"minecraft:player":1,"minecraft:skeleton":1,"minecraft:zombie":1},"minecraft:dropped":{"minecraft:wheat_seeds":8,"minecraft:prismarine_crystals":2,"minecraft:grass_block":1},"minecraft:used":{"minecraft:netherite_sword":13,"minecraft:ender_eye":1,"minecraft:sea_lantern":22,"minecraft:red_wool":1,"minecraft:lantern":1,"minecraft:grass_block":36,"minecraft:green_wool":1,"minecraft:blue_wool":1,"minecraft:cyan_concrete":4,"minecraft:ender_pearl":3,"minecraft:magenta_concrete":1,"minecraft:chest":9,"minecraft:pink_wool":1,"minecraft:yellow_wool":1,"minecraft:torch":10,"minecraft:bedrock":6,"minecraft:diamond_chestplate":4,"minecraft:chiseled_stone_bricks":1,"minecraft:dirt":8,"minecraft:magenta_wool":1,"minecraft:crafting_table":1,"minecraft:andesite":1,"minecraft:orange_wool":1,"minecraft:diamond_helmet":1,"minecraft:oak_wood":18,"minecraft:purple_wool":1},"minecraft:crafted":{"minecraft:diamond_helmet":1,"minecraft:diamond_chestplate":2}},"DataVersion":3120}