{"stats":{"minecraft:dropped":{"minecraft:prismarine_crystals":2},"minecraft:used":{"minecraft:dirt":7},"minecraft:picked_up":{"minecraft:torch":1,"minecraft:prismarine_crystals":2,"minecraft:dirt":9},"minecraft:custom":{"minecraft:time_since_rest":937,"minecraft:sprint_one_cm":35308,"minecraft:crouch_one_cm":269,"minecraft:play_time":71945,"minecraft:interact_with_loom":1,"minecraft:deaths":7,"minecraft:damage_taken":1561,"minecraft:walk_one_cm":22212,"minecraft:sneak_time":491,"minecraft:walk_under_water_one_cm":2424,"minecraft:drop":1,"minecraft:jump":296,"minecraft:damage_dealt":45,"minecraft:time_since_death":637,"minecraft:walk_on_water_one_cm":416,"minecraft:climb_one_cm":42,"minecraft:total_world_time":71945,"minecraft:interact_with_crafting_table":2,"minecraft:fall_one_cm":11022,"minecraft:fly_one_cm":210040},"minecraft:killed_by":{"minecraft:skeleton":1,"minecraft:zombie":1,"minecraft:player":1},"minecraft:mined":{"minecraft:grass_block":3,"minecraft:dirt":6,"minecraft:sea_lantern":2,"minecraft:torch":2}},"DataVersion":3120}