{"stats":{"minecraft:used":{"minecraft:dirt":1},"minecraft:mined":{"minecraft:grass":2,"minecraft:spruce_leaves":8,"minecraft:grass_block":1,"minecraft:fern":16},"minecraft:custom":{"minecraft:jump":217,"minecraft:leave_game":1,"minecraft:time_since_rest":13855,"minecraft:crouch_one_cm":59,"minecraft:damage_dealt":27,"minecraft:deaths":1,"minecraft:sprint_one_cm":23439,"minecraft:play_time":15151,"minecraft:damage_taken":550,"minecraft:time_since_death":13822,"minecraft:walk_one_cm":29355,"minecraft:sneak_time":67,"minecraft:total_world_time":15151,"minecraft:fall_one_cm":12428,"minecraft:fly_one_cm":29898},"minecraft:picked_up":{"minecraft:dirt":1}},"DataVersion":3120}