{"stats":{"minecraft:picked_up":{"minecraft:coarse_dirt":1,"minecraft:torch":1,"minecraft:prismarine_crystals":5,"minecraft:dirt":3,"minecraft:arrow":2,"minecraft:bone":5,"minecraft:rotten_flesh":1,"minecraft:moss_block":3},"minecraft:mined":{"minecraft:coarse_dirt":1,"minecraft:grass_block":1,"minecraft:moss_block":4},"minecraft:dropped":{"minecraft:arrow":2},"minecraft:custom":{"minecraft:time_since_rest":82118,"minecraft:interact_with_furnace":1,"minecraft:sprint_one_cm":70793,"minecraft:walk_one_cm":97382,"minecraft:damage_taken":30,"minecraft:mob_kills":6,"minecraft:drop":1,"minecraft:damage_dealt":1449,"minecraft:player_kills":1,"minecraft:fly_one_cm":939861,"minecraft:open_chest":1,"minecraft:crouch_one_cm":4465,"minecraft:play_time":91057,"minecraft:deaths":1,"minecraft:sneak_time":4080,"minecraft:walk_under_water_one_cm":4332,"minecraft:jump":354,"minecraft:leave_game":3,"minecraft:time_since_death":82112,"minecraft:walk_on_water_one_cm":2375,"minecraft:climb_one_cm":71,"minecraft:total_world_time":91057,"minecraft:fall_one_cm":2403},"minecraft:killed":{"minecraft:skeleton":4,"minecraft:zombie":1,"minecraft:creeper":1},"minecraft:used":{"minecraft:redstone_torch":2,"minecraft:moss_block":3,"minecraft:netherite_sword":19,"minecraft:sea_lantern":4,"minecraft:lava_bucket":130,"minecraft:flint_and_steel":2,"minecraft:command_block":8,"minecraft:grass_block":25,"minecraft:stone_button":1,"minecraft:stone":5,"minecraft:bedrock":55,"minecraft:torch":442,"minecraft:dirt":29,"minecraft:coarse_dirt":2,"minecraft:obsidian":20}},"DataVersion":3120}