{"stats":{"minecraft:mined":{"minecraft:moss_block":2},"minecraft:custom":{"minecraft:jump":55,"minecraft:time_since_rest":5400,"minecraft:damage_dealt":90,"minecraft:leave_game":1,"minecraft:deaths":1,"minecraft:sprint_one_cm":13849,"minecraft:play_time":14339,"minecraft:damage_taken":30,"minecraft:time_since_death":5394,"minecraft:walk_one_cm":12123,"minecraft:sneak_time":46,"minecraft:climb_one_cm":42,"minecraft:total_world_time":14339,"minecraft:fall_one_cm":613,"minecraft:fly_one_cm":34298,"minecraft:player_kills":1},"minecraft:picked_up":{"minecraft:moss_block":1},"minecraft:used":{"minecraft:moss_block":1}},"DataVersion":3120}