{
  "minecraft:recipes/building_blocks/sea_lantern": {
    "criteria": {
      "has_prismarine_crystals": "2024-05-18 20:36:09 +0000"
    },
    "done": true
  },
  "minecraft:adventure/root": {
    "criteria": {
      "killed_by_something": "2024-05-18 19:45:59 +0000"
    },
    "done": true
  },
  "minecraft:adventure/adventuring_time": {
    "criteria": {
      "minecraft:deep_ocean": "2024-05-18 19:36:34 +0000",
      "minecraft:beach": "2024-05-18 19:53:13 +0000",
      "minecraft:sparse_jungle": "2024-05-18 19:53:09 +0000",
      "minecraft:river": "2024-05-18 19:53:17 +0000",
      "minecraft:cold_ocean": "2024-05-18 19:53:14 +0000",
      "minecraft:jungle": "2024-05-18 19:53:11 +0000",
      "minecraft:plains": "2024-05-18 19:35:56 +0000"
    },
    "done": false
  },
  "DataVersion": 3120
}